{
  "provincias": [
    {
      "codigo": "1",
      "nombre": "SAN JOSÉ"
    },
    {
      "codigo": "2",
      "nombre": "ALAJUELA"
    },
    {
      "codigo": "3",
      "nombre": "CARTAGO"
    },
    {
      "codigo": "4",
      "nombre": "HEREDIA"
    },
    {
      "codigo": "5",
      "nombre": "GUANACASTE"
    },
    {
      "codigo": "6",
      "nombre": "PUNTARENAS"
    },
    {
      "codigo": "7",
      "nombre": "LIMÓN"
    }
  ],
  "cantones": {
    "1": [
      {
        "codigo": "01",
        "nombre": "SAN JOSÉ"
      },
      {
        "codigo": "02",
        "nombre": "ESCAZÚ"
      },
      {
        "codigo": "03",
        "nombre": "DESAMPARADOS"
      },
      {
        "codigo": "04",
        "nombre": "PURISCAL"
      },
      {
        "codigo": "05",
        "nombre": "TARRAZU"
      },
      {
        "codigo": "06",
        "nombre": "ASERRÍ"
      },
      {
        "codigo": "07",
        "nombre": "MORA"
      },
      {
        "codigo": "08",
        "nombre": "GOICOECHEA"
      },
      {
        "codigo": "09",
        "nombre": "SANTA ANA"
      },
      {
        "codigo": "10",
        "nombre": "ALAJUELITA"
      },
      {
        "codigo": "11",
        "nombre": "VAZQUEZ DE CORONADO"
      },
      {
        "codigo": "12",
        "nombre": "ACOSTA"
      },
      {
        "codigo": "13",
        "nombre": "TIBÁS"
      },
      {
        "codigo": "14",
        "nombre": "MORAVIA"
      },
      {
        "codigo": "15",
        "nombre": "MONTES DE OCA"
      },
      {
        "codigo": "16",
        "nombre": "TURRUBARES"
      },
      {
        "codigo": "17",
        "nombre": "DOTA"
      },
      {
        "codigo": "18",
        "nombre": "CURRIDABAT"
      },
      {
        "codigo": "19",
        "nombre": "PÉREZ ZELEDÓN"
      },
      {
        "codigo": "20",
        "nombre": "LEÓN CORTES"
      }
    ],
    "2": [
      {
        "codigo": "01",
        "nombre": "ALAJUELA"
      },
      {
        "codigo": "02",
        "nombre": "SAN RAMON"
      },
      {
        "codigo": "03",
        "nombre": "GRECIA"
      },
      {
        "codigo": "04",
        "nombre": "SAN MATEO"
      },
      {
        "codigo": "05",
        "nombre": "ATENAS"
      },
      {
        "codigo": "06",
        "nombre": "NARANJO"
      },
      {
        "codigo": "07",
        "nombre": "PALMARES"
      },
      {
        "codigo": "08",
        "nombre": "POÁS"
      },
      {
        "codigo": "09",
        "nombre": "OROTINA"
      },
      {
        "codigo": "10",
        "nombre": "SAN CARLOS"
      },
      {
        "codigo": "11",
        "nombre": "ALFARO RUIZ"
      },
      {
        "codigo": "12",
        "nombre": "VALVERDE VEGA"
      },
      {
        "codigo": "13",
        "nombre": "UPALA"
      },
      {
        "codigo": "14",
        "nombre": "LOS CHILES"
      },
      {
        "codigo": "15",
        "nombre": "GUATUSO"
      },
      {
        "codigo": "16",
        "nombre": "RIO CUARTO"
      }
    ],
    "3": [
      {
        "codigo": "01",
        "nombre": "CARTAGO"
      },
      {
        "codigo": "02",
        "nombre": "PARAÍSO"
      },
      {
        "codigo": "03",
        "nombre": "LA UNIÓN"
      },
      {
        "codigo": "04",
        "nombre": "JIMÉNEZ"
      },
      {
        "codigo": "05",
        "nombre": "TURRIALBA"
      },
      {
        "codigo": "06",
        "nombre": "ALVARADO"
      },
      {
        "codigo": "07",
        "nombre": "OREAMUNO"
      },
      {
        "codigo": "08",
        "nombre": "EL GUARCO"
      }
    ],
    "4": [
      {
        "codigo": "01",
        "nombre": "HEREDIA"
      },
      {
        "codigo": "02",
        "nombre": "BARVA"
      },
      {
        "codigo": "03",
        "nombre": "SANTO DOMINGO"
      },
      {
        "codigo": "04",
        "nombre": "SANTA BÁRBARA"
      },
      {
        "codigo": "05",
        "nombre": "SAN RAFAEL"
      },
      {
        "codigo": "06",
        "nombre": "SAN ISIDRO"
      },
      {
        "codigo": "07",
        "nombre": "BELÉN"
      },
      {
        "codigo": "08",
        "nombre": "SAN JOAQUÍN DE FLORES"
      },
      {
        "codigo": "09",
        "nombre": "SAN PABLO"
      },
      {
        "codigo": "10",
        "nombre": "SARAPIQUÍ"
      }
    ],
    "5": [
      {
        "codigo": "01",
        "nombre": "LIBERIA"
      },
      {
        "codigo": "02",
        "nombre": "NICOYA"
      },
      {
        "codigo": "03",
        "nombre": "SANTA CRUZ"
      },
      {
        "codigo": "04",
        "nombre": "BAGACES"
      },
      {
        "codigo": "05",
        "nombre": "CARRILLO"
      },
      {
        "codigo": "06",
        "nombre": "CAÑAS"
      },
      {
        "codigo": "07",
        "nombre": "ABANGARES"
      },
      {
        "codigo": "08",
        "nombre": "TILARÁN"
      },
      {
        "codigo": "09",
        "nombre": "NANDAYURE"
      },
      {
        "codigo": "10",
        "nombre": "LA CRUZ"
      },
      {
        "codigo": "11",
        "nombre": "HOJANCHA"
      }
    ],
    "6": [
      {
        "codigo": "01",
        "nombre": "PUNTARENAS"
      },
      {
        "codigo": "02",
        "nombre": "ESPARZA"
      },
      {
        "codigo": "03",
        "nombre": "BUENOS AIRES"
      },
      {
        "codigo": "04",
        "nombre": "MONTES DE ORO"
      },
      {
        "codigo": "05",
        "nombre": "OSA"
      },
      {
        "codigo": "06",
        "nombre": "AGUIRRE"
      },
      {
        "codigo": "07",
        "nombre": "GOLFITO"
      },
      {
        "codigo": "08",
        "nombre": "COTO BRUS"
      },
      {
        "codigo": "09",
        "nombre": "PARRITA"
      },
      {
        "codigo": "10",
        "nombre": "CORREDORES"
      },
      {
        "codigo": "11",
        "nombre": "GARABITO"
      },
      {
        "codigo": "12",
        "nombre": "MONTEVERDE"
      },
      {
        "codigo": "13",
        "nombre": "PUERTO JIMENEZ"
      }
    ],
    "7": [
      {
        "codigo": "01",
        "nombre": "LIMÓN"
      },
      {
        "codigo": "02",
        "nombre": "POCOCÍ"
      },
      {
        "codigo": "03",
        "nombre": "SIQUIRRES"
      },
      {
        "codigo": "04",
        "nombre": "TALAMANCA"
      },
      {
        "codigo": "05",
        "nombre": "MATINA"
      },
      {
        "codigo": "06",
        "nombre": "GUÁCIMO"
      }
    ]
  },
  "distritos": {
    "1-01": [
      {
        "codigo": "07",
        "nombre": "URUCA"
      },
      {
        "codigo": "09",
        "nombre": "PAVAS"
      },
      {
        "codigo": "04",
        "nombre": "CATEDRAL"
      },
      {
        "codigo": "10",
        "nombre": "HATILLO"
      },
      {
        "codigo": "06",
        "nombre": "SAN FRANCISCO DE DOS RÍOS"
      },
      {
        "codigo": "02",
        "nombre": "MERCED"
      },
      {
        "codigo": "11",
        "nombre": "SAN SEBASTIÁN"
      },
      {
        "codigo": "01",
        "nombre": "CARMEN"
      },
      {
        "codigo": "03",
        "nombre": "HOSPITAL"
      },
      {
        "codigo": "05",
        "nombre": "ZAPOTE"
      },
      {
        "codigo": "08",
        "nombre": "MATA REDONDA"
      }
    ],
    "1-02": [
      {
        "codigo": "02",
        "nombre": "SAN ANTONIO"
      },
      {
        "codigo": "03",
        "nombre": "SAN RAFAEL"
      },
      {
        "codigo": "01",
        "nombre": "ESCAZÚ"
      }
    ],
    "1-03": [
      {
        "codigo": "09",
        "nombre": "ROSARIO"
      },
      {
        "codigo": "13",
        "nombre": "LOS GUIDO"
      },
      {
        "codigo": "05",
        "nombre": "SAN ANTONIO"
      },
      {
        "codigo": "02",
        "nombre": "SAN MIGUEL"
      },
      {
        "codigo": "06",
        "nombre": "FRAILES"
      },
      {
        "codigo": "03",
        "nombre": "SAN JUAN DE DIOS"
      },
      {
        "codigo": "10",
        "nombre": "DAMAS"
      },
      {
        "codigo": "04",
        "nombre": "SAN RAFAEL ARRIBA"
      },
      {
        "codigo": "12",
        "nombre": "GRAVILIAS"
      },
      {
        "codigo": "11",
        "nombre": "SAN RAFAEL ABAJO"
      },
      {
        "codigo": "01",
        "nombre": "DESAMPARADOS"
      },
      {
        "codigo": "07",
        "nombre": "PATARRA"
      },
      {
        "codigo": "08",
        "nombre": "SAN CRISTOBAL"
      }
    ],
    "1-04": [
      {
        "codigo": "05",
        "nombre": "SAN RAFAEL"
      },
      {
        "codigo": "04",
        "nombre": "GRIFO ALTO"
      },
      {
        "codigo": "09",
        "nombre": "CHIRES"
      },
      {
        "codigo": "01",
        "nombre": "SANTIAGO"
      },
      {
        "codigo": "03",
        "nombre": "BARBACOAS"
      },
      {
        "codigo": "07",
        "nombre": "DESAMPARADITOS"
      },
      {
        "codigo": "06",
        "nombre": "CANDELARIA"
      },
      {
        "codigo": "02",
        "nombre": "MERCEDES SUR"
      },
      {
        "codigo": "08",
        "nombre": "SAN ANTONIO"
      }
    ],
    "1-05": [
      {
        "codigo": "01",
        "nombre": "SAN MARCOS"
      },
      {
        "codigo": "02",
        "nombre": "SAN LORENZO"
      },
      {
        "codigo": "03",
        "nombre": "SAN CARLOS"
      }
    ],
    "1-06": [
      {
        "codigo": "04",
        "nombre": "SAN GABRIEL"
      },
      {
        "codigo": "07",
        "nombre": "SALITRILLOS"
      },
      {
        "codigo": "05",
        "nombre": "LEGUA"
      },
      {
        "codigo": "01",
        "nombre": "ASERRÍ"
      },
      {
        "codigo": "06",
        "nombre": "MONTERREY"
      },
      {
        "codigo": "02",
        "nombre": "TARBACA"
      },
      {
        "codigo": "03",
        "nombre": "VUELTA DE JORCO"
      }
    ],
    "1-07": [
      {
        "codigo": "04",
        "nombre": "PIEDRAS NEGRAS"
      },
      {
        "codigo": "03",
        "nombre": "TABARCIA"
      },
      {
        "codigo": "05",
        "nombre": "PICAGRES"
      },
      {
        "codigo": "01",
        "nombre": "COLÓN"
      },
      {
        "codigo": "06",
        "nombre": "JARIS"
      },
      {
        "codigo": "07",
        "nombre": "QUITIRRIZI"
      },
      {
        "codigo": "02",
        "nombre": "GUAYABO"
      }
    ],
    "1-08": [
      {
        "codigo": "02",
        "nombre": "SAN FRANCISCO"
      },
      {
        "codigo": "01",
        "nombre": "GUADALUPE"
      },
      {
        "codigo": "05",
        "nombre": "IPÍS"
      },
      {
        "codigo": "04",
        "nombre": "MATA DE PLÁTANO"
      },
      {
        "codigo": "06",
        "nombre": "RANCHO REDONDO"
      },
      {
        "codigo": "03",
        "nombre": "CALLE BLANCOS"
      },
      {
        "codigo": "07",
        "nombre": "PURRAL"
      }
    ],
    "1-09": [
      {
        "codigo": "01",
        "nombre": "SANTA ANA"
      },
      {
        "codigo": "05",
        "nombre": "PIEDADES"
      },
      {
        "codigo": "06",
        "nombre": "BRASIL"
      },
      {
        "codigo": "03",
        "nombre": "POZOS"
      },
      {
        "codigo": "02",
        "nombre": "SALITRAL"
      },
      {
        "codigo": "04",
        "nombre": "URUCA"
      }
    ],
    "1-10": [
      {
        "codigo": "01",
        "nombre": "ALAJUELITA"
      },
      {
        "codigo": "02",
        "nombre": "SAN JOSECITO"
      },
      {
        "codigo": "04",
        "nombre": "CONCEPCIÓN"
      },
      {
        "codigo": "05",
        "nombre": "SAN FELIPE"
      },
      {
        "codigo": "03",
        "nombre": "SAN ANTONIO"
      }
    ],
    "1-11": [
      {
        "codigo": "02",
        "nombre": "SAN RAFAEL"
      },
      {
        "codigo": "01",
        "nombre": "SAN ISIDRO"
      },
      {
        "codigo": "05",
        "nombre": "CASCAJAL"
      },
      {
        "codigo": "03",
        "nombre": "DULCE NOMBRE DE JESÚS"
      },
      {
        "codigo": "04",
        "nombre": "PATALILLO"
      }
    ],
    "1-12": [
      {
        "codigo": "01",
        "nombre": "SAN IGNACIO DE ACOSTA"
      },
      {
        "codigo": "04",
        "nombre": "CANGREJAL"
      },
      {
        "codigo": "03",
        "nombre": "PALMICHAL"
      },
      {
        "codigo": "02",
        "nombre": "GUAITIL"
      },
      {
        "codigo": "05",
        "nombre": "SABANILLAS"
      }
    ],
    "1-13": [
      {
        "codigo": "01",
        "nombre": "SAN JUAN"
      },
      {
        "codigo": "02",
        "nombre": "CINCO ESQUINAS"
      },
      {
        "codigo": "04",
        "nombre": "LEON XIII"
      },
      {
        "codigo": "05",
        "nombre": "COLIMA"
      },
      {
        "codigo": "03",
        "nombre": "ANSELMO LLORENTE"
      }
    ],
    "1-14": [
      {
        "codigo": "01",
        "nombre": "SAN VICENTE"
      },
      {
        "codigo": "03",
        "nombre": "TRINIDAD"
      },
      {
        "codigo": "02",
        "nombre": "SAN JERÓNIMO"
      }
    ],
    "1-15": [
      {
        "codigo": "03",
        "nombre": "MERCEDES"
      },
      {
        "codigo": "01",
        "nombre": "SAN PEDRO"
      },
      {
        "codigo": "04",
        "nombre": "SAN RAFAEL"
      },
      {
        "codigo": "02",
        "nombre": "SABANILLA"
      }
    ],
    "1-16": [
      {
        "codigo": "04",
        "nombre": "SAN LUIS"
      },
      {
        "codigo": "02",
        "nombre": "SAN PEDRO"
      },
      {
        "codigo": "05",
        "nombre": "CARARA"
      },
      {
        "codigo": "03",
        "nombre": "SAN JUAN DE MATA"
      },
      {
        "codigo": "01",
        "nombre": "SAN PABLO"
      }
    ],
    "1-17": [
      {
        "codigo": "01",
        "nombre": "SANTA MARÍA"
      },
      {
        "codigo": "03",
        "nombre": "COPEY"
      },
      {
        "codigo": "02",
        "nombre": "JARDÍN"
      }
    ],
    "1-18": [
      {
        "codigo": "01",
        "nombre": "CURRIDABAT"
      },
      {
        "codigo": "02",
        "nombre": "GRANADILLA"
      },
      {
        "codigo": "04",
        "nombre": "TIRRASES"
      },
      {
        "codigo": "03",
        "nombre": "SÁNCHEZ"
      }
    ],
    "1-19": [
      {
        "codigo": "11",
        "nombre": "PÁRAMO"
      },
      {
        "codigo": "08",
        "nombre": "CAJÓN"
      },
      {
        "codigo": "10",
        "nombre": "RÍO NUEVO"
      },
      {
        "codigo": "04",
        "nombre": "RIVAS"
      },
      {
        "codigo": "05",
        "nombre": "SAN PEDRO"
      },
      {
        "codigo": "01",
        "nombre": "SAN ISIDRO DEL GENERAL"
      },
      {
        "codigo": "07",
        "nombre": "PEJIBAYE"
      },
      {
        "codigo": "02",
        "nombre": "GENERAL"
      },
      {
        "codigo": "09",
        "nombre": "BARÚ"
      },
      {
        "codigo": "06",
        "nombre": "PLATANARES"
      },
      {
        "codigo": "03",
        "nombre": "DANIEL FLORES"
      },
      {
        "codigo": "12",
        "nombre": "LA AMISTAD"
      }
    ],
    "1-20": [
      {
        "codigo": "04",
        "nombre": "SAN ISIDRO"
      },
      {
        "codigo": "03",
        "nombre": "LLANO BONITO"
      },
      {
        "codigo": "05",
        "nombre": "SANTA CRUZ"
      },
      {
        "codigo": "01",
        "nombre": "SAN PABLO"
      },
      {
        "codigo": "06",
        "nombre": "SAN ANTONIO"
      },
      {
        "codigo": "02",
        "nombre": "SAN ANDRÉS"
      }
    ],
    "2-01": [
      {
        "codigo": "01",
        "nombre": "ALAJUELA"
      },
      {
        "codigo": "14",
        "nombre": "SARAPIQUÍ"
      },
      {
        "codigo": "07",
        "nombre": "SABANILLA"
      },
      {
        "codigo": "02",
        "nombre": "SAN JOSÉ"
      },
      {
        "codigo": "05",
        "nombre": "GUÁCIMA"
      },
      {
        "codigo": "08",
        "nombre": "SAN RAFAEL"
      },
      {
        "codigo": "12",
        "nombre": "TAMBOR"
      },
      {
        "codigo": "11",
        "nombre": "TURRÚCARES"
      },
      {
        "codigo": "09",
        "nombre": "RÍO SEGUNDO"
      },
      {
        "codigo": "06",
        "nombre": "SAN ISIDRO"
      },
      {
        "codigo": "13",
        "nombre": "GARITA"
      },
      {
        "codigo": "03",
        "nombre": "CARRIZAL"
      },
      {
        "codigo": "04",
        "nombre": "SAN ANTONIO"
      },
      {
        "codigo": "10",
        "nombre": "DESAMPARADOS"
      }
    ],
    "2-02": [
      {
        "codigo": "03",
        "nombre": "SAN JUAN"
      },
      {
        "codigo": "13",
        "nombre": "PEÑAS BLANCAS"
      },
      {
        "codigo": "11",
        "nombre": "CONCEPCIÓN"
      },
      {
        "codigo": "07",
        "nombre": "SAN ISIDRO"
      },
      {
        "codigo": "06",
        "nombre": "SAN RAFAEL"
      },
      {
        "codigo": "12",
        "nombre": "ZAPOTAL"
      },
      {
        "codigo": "09",
        "nombre": "ALFARO"
      },
      {
        "codigo": "02",
        "nombre": "SANTIAGO"
      },
      {
        "codigo": "04",
        "nombre": "PIEDADES NORTE"
      },
      {
        "codigo": "01",
        "nombre": "SAN RAMÓN"
      },
      {
        "codigo": "05",
        "nombre": "PIEDADES SUR"
      },
      {
        "codigo": "08",
        "nombre": "ÁNGELES"
      },
      {
        "codigo": "14",
        "nombre": "SAN LORENZO"
      },
      {
        "codigo": "10",
        "nombre": "VOLIO"
      }
    ],
    "2-03": [
      {
        "codigo": "04",
        "nombre": "SAN ROQUE"
      },
      {
        "codigo": "06",
        "nombre": "RÍO CUARTO"
      },
      {
        "codigo": "07",
        "nombre": "PUENTE DE PIEDRA"
      },
      {
        "codigo": "02",
        "nombre": "SAN ISIDRO"
      },
      {
        "codigo": "08",
        "nombre": "BOLIVAR"
      },
      {
        "codigo": "05",
        "nombre": "TACARES"
      },
      {
        "codigo": "03",
        "nombre": "SAN JOSE"
      },
      {
        "codigo": "01",
        "nombre": "GRECIA"
      }
    ],
    "2-04": [
      {
        "codigo": "01",
        "nombre": "SAN MATEO"
      },
      {
        "codigo": "02",
        "nombre": "DESMONTE"
      },
      {
        "codigo": "04",
        "nombre": "LABRADOR"
      },
      {
        "codigo": "03",
        "nombre": "JESÚS MARÍA"
      }
    ],
    "2-05": [
      {
        "codigo": "03",
        "nombre": "MERCEDES"
      },
      {
        "codigo": "04",
        "nombre": "SAN ISIDRO"
      },
      {
        "codigo": "06",
        "nombre": "SAN JOSÉ"
      },
      {
        "codigo": "02",
        "nombre": "JESÚS"
      },
      {
        "codigo": "05",
        "nombre": "CONCEPCIÓN"
      },
      {
        "codigo": "07",
        "nombre": "SANTA EULALIA"
      },
      {
        "codigo": "08",
        "nombre": "ESCOBAL"
      },
      {
        "codigo": "01",
        "nombre": "ATENAS"
      }
    ],
    "2-06": [
      {
        "codigo": "02",
        "nombre": "SAN MIGUEL"
      },
      {
        "codigo": "07",
        "nombre": "ROSARIO"
      },
      {
        "codigo": "05",
        "nombre": "SAN JERÓNIMO"
      },
      {
        "codigo": "08",
        "nombre": "PALMITOS"
      },
      {
        "codigo": "03",
        "nombre": "SAN JOSÉ"
      },
      {
        "codigo": "04",
        "nombre": "CIRRÍ SUR"
      },
      {
        "codigo": "01",
        "nombre": "NARANJO"
      },
      {
        "codigo": "06",
        "nombre": "SAN JUAN"
      }
    ],
    "2-07": [
      {
        "codigo": "02",
        "nombre": "ZARAGOZA"
      },
      {
        "codigo": "06",
        "nombre": "ESQUIPULAS"
      },
      {
        "codigo": "04",
        "nombre": "SANTIAGO"
      },
      {
        "codigo": "01",
        "nombre": "PALMARES"
      },
      {
        "codigo": "05",
        "nombre": "CANDELARIA"
      },
      {
        "codigo": "07",
        "nombre": "GRANJA"
      },
      {
        "codigo": "03",
        "nombre": "BUENOS AIRES"
      }
    ],
    "2-08": [
      {
        "codigo": "03",
        "nombre": "SAN RAFAEL"
      },
      {
        "codigo": "04",
        "nombre": "CARRILLOS"
      },
      {
        "codigo": "01",
        "nombre": "SAN PEDRO"
      },
      {
        "codigo": "05",
        "nombre": "SABANA REDONDA"
      },
      {
        "codigo": "02",
        "nombre": "SAN JUAN"
      }
    ],
    "2-09": [
      {
        "codigo": "01",
        "nombre": "OROTINA"
      },
      {
        "codigo": "02",
        "nombre": "MASTATE"
      },
      {
        "codigo": "03",
        "nombre": "HACIENDA VIEJA"
      },
      {
        "codigo": "04",
        "nombre": "COYOLAR"
      },
      {
        "codigo": "05",
        "nombre": "CEIBA"
      }
    ],
    "2-10": [
      {
        "codigo": "02",
        "nombre": "FLORENCIA"
      },
      {
        "codigo": "12",
        "nombre": "MONTERREY"
      },
      {
        "codigo": "08",
        "nombre": "TIGRA"
      },
      {
        "codigo": "06",
        "nombre": "PITAL"
      },
      {
        "codigo": "04",
        "nombre": "AGUAS ZARCAS"
      },
      {
        "codigo": "03",
        "nombre": "BUENAVISTA"
      },
      {
        "codigo": "13",
        "nombre": "POCOSOL"
      },
      {
        "codigo": "07",
        "nombre": "FORTUNA"
      },
      {
        "codigo": "11",
        "nombre": "CUTRIS"
      },
      {
        "codigo": "05",
        "nombre": "VENECIA"
      },
      {
        "codigo": "01",
        "nombre": "QUESADA"
      },
      {
        "codigo": "10",
        "nombre": "VENADO"
      },
      {
        "codigo": "09",
        "nombre": "PALMERA"
      }
    ],
    "2-11": [
      {
        "codigo": "07",
        "nombre": "BRISAS"
      },
      {
        "codigo": "06",
        "nombre": "ZAPOTE"
      },
      {
        "codigo": "02",
        "nombre": "LAGUNA"
      },
      {
        "codigo": "01",
        "nombre": "ZARCERO"
      },
      {
        "codigo": "05",
        "nombre": "PALMIRA"
      },
      {
        "codigo": "04",
        "nombre": "GUADALUPE"
      },
      {
        "codigo": "03",
        "nombre": "TAPEZCO"
      }
    ],
    "2-12": [
      {
        "codigo": "05",
        "nombre": "RODRIGUEZ"
      },
      {
        "codigo": "02",
        "nombre": "SARCHI SUR"
      },
      {
        "codigo": "04",
        "nombre": "SAN PEDRO"
      },
      {
        "codigo": "01",
        "nombre": "SARCHI NORTE"
      },
      {
        "codigo": "03",
        "nombre": "TORO AMARILLO"
      }
    ],
    "2-13": [
      {
        "codigo": "06",
        "nombre": "DOS RIOS"
      },
      {
        "codigo": "04",
        "nombre": "BIJAGUA"
      },
      {
        "codigo": "05",
        "nombre": "DELICIAS"
      },
      {
        "codigo": "07",
        "nombre": "YOLIYLLAL"
      },
      {
        "codigo": "02",
        "nombre": "AGUAS CLARAS"
      },
      {
        "codigo": "01",
        "nombre": "UPALA"
      },
      {
        "codigo": "08",
        "nombre": "CANALETE"
      },
      {
        "codigo": "03",
        "nombre": "SAN JOSE (PIZOTE)"
      }
    ],
    "2-14": [
      {
        "codigo": "02",
        "nombre": "CAÑO NEGRO"
      },
      {
        "codigo": "04",
        "nombre": "SAN JORGE"
      },
      {
        "codigo": "01",
        "nombre": "LOS CHILES"
      },
      {
        "codigo": "03",
        "nombre": "EL AMPARO"
      }
    ],
    "2-15": [
      {
        "codigo": "01",
        "nombre": "SAN RAFAEL"
      },
      {
        "codigo": "03",
        "nombre": "COTE"
      },
      {
        "codigo": "04",
        "nombre": "KATIRA"
      },
      {
        "codigo": "02",
        "nombre": "BUENAVISTA"
      }
    ],
    "2-16": [
      {
        "codigo": "02",
        "nombre": "SANTA RITA"
      },
      {
        "codigo": "01",
        "nombre": "RÍO CUARTO"
      },
      {
        "codigo": "03",
        "nombre": "SANTA ISABEL"
      }
    ],
    "3-01": [
      {
        "codigo": "03",
        "nombre": "CARMEN"
      },
      {
        "codigo": "02",
        "nombre": "OCCIDENTAL"
      },
      {
        "codigo": "10",
        "nombre": "LLANO GRANDE"
      },
      {
        "codigo": "08",
        "nombre": "TIERRA BLANCA"
      },
      {
        "codigo": "07",
        "nombre": "CORRALILLO"
      },
      {
        "codigo": "04",
        "nombre": "SAN NICOLAS"
      },
      {
        "codigo": "11",
        "nombre": "QUEBRADILLA"
      },
      {
        "codigo": "06",
        "nombre": "GUADALUPE (ARENILLA)"
      },
      {
        "codigo": "09",
        "nombre": "DULCE NOMBRE"
      },
      {
        "codigo": "01",
        "nombre": "ORIENTAL"
      },
      {
        "codigo": "05",
        "nombre": "AGUACALIENTE (SAN FCO)"
      }
    ],
    "3-02": [
      {
        "codigo": "05",
        "nombre": "LLANOS DE SANTA LUCIA"
      },
      {
        "codigo": "01",
        "nombre": "PARAISO"
      },
      {
        "codigo": "06",
        "nombre": "BIRRISITO"
      },
      {
        "codigo": "02",
        "nombre": "SANTIAGO"
      },
      {
        "codigo": "04",
        "nombre": "CACHI"
      },
      {
        "codigo": "03",
        "nombre": "OROSI"
      }
    ],
    "3-03": [
      {
        "codigo": "01",
        "nombre": "TRES RIOS"
      },
      {
        "codigo": "03",
        "nombre": "SAN JUAN"
      },
      {
        "codigo": "05",
        "nombre": "CONCEPCION"
      },
      {
        "codigo": "04",
        "nombre": "SAN RAFAEL"
      },
      {
        "codigo": "07",
        "nombre": "SAN RAMON"
      },
      {
        "codigo": "06",
        "nombre": "DULCE NOMBRE"
      },
      {
        "codigo": "02",
        "nombre": "SAN DIEGO"
      },
      {
        "codigo": "08",
        "nombre": "RIO AZUL"
      }
    ],
    "3-04": [
      {
        "codigo": "04",
        "nombre": "LA VICTORIA"
      },
      {
        "codigo": "02",
        "nombre": "TUCURRIQUE"
      },
      {
        "codigo": "01",
        "nombre": "JUAN VIÑAS"
      },
      {
        "codigo": "03",
        "nombre": "PEJIBAYE"
      }
    ],
    "3-05": [
      {
        "codigo": "09",
        "nombre": "SANTA ROSA"
      },
      {
        "codigo": "10",
        "nombre": "TRES EQUIS"
      },
      {
        "codigo": "11",
        "nombre": "LA ISABEL"
      },
      {
        "codigo": "07",
        "nombre": "TUIS"
      },
      {
        "codigo": "05",
        "nombre": "SANTA TERESITA"
      },
      {
        "codigo": "12",
        "nombre": "CHIRRIPO"
      },
      {
        "codigo": "04",
        "nombre": "SANTA CRUZ"
      },
      {
        "codigo": "02",
        "nombre": "LA SUIZA"
      },
      {
        "codigo": "06",
        "nombre": "PAVONES"
      },
      {
        "codigo": "01",
        "nombre": "TURRIALBA"
      },
      {
        "codigo": "03",
        "nombre": "PERALTA"
      },
      {
        "codigo": "08",
        "nombre": "TAYUTIC"
      }
    ],
    "3-06": [
      {
        "codigo": "03",
        "nombre": "CAPELLADES"
      },
      {
        "codigo": "01",
        "nombre": "PACAYAS"
      },
      {
        "codigo": "02",
        "nombre": "CERVANTES"
      }
    ],
    "3-07": [
      {
        "codigo": "01",
        "nombre": "SAN RAFAEL"
      },
      {
        "codigo": "05",
        "nombre": "SANTA ROSA"
      },
      {
        "codigo": "04",
        "nombre": "CIPRESES"
      },
      {
        "codigo": "03",
        "nombre": "POTRERO CERRADO"
      },
      {
        "codigo": "02",
        "nombre": "COTE"
      }
    ],
    "3-08": [
      {
        "codigo": "04",
        "nombre": "PATIO DE AGUA"
      },
      {
        "codigo": "02",
        "nombre": "SAN ISIDRO"
      },
      {
        "codigo": "03",
        "nombre": "TOBOSI"
      },
      {
        "codigo": "01",
        "nombre": "TEJAR"
      }
    ],
    "4-01": [
      {
        "codigo": "05",
        "nombre": "VARABLANCA"
      },
      {
        "codigo": "01",
        "nombre": "HEREDIA"
      },
      {
        "codigo": "03",
        "nombre": "SAN FRANCISCO"
      },
      {
        "codigo": "02",
        "nombre": "MERCEDES"
      },
      {
        "codigo": "04",
        "nombre": "ULLOA"
      }
    ],
    "4-02": [
      {
        "codigo": "04",
        "nombre": "SAN ROQUE"
      },
      {
        "codigo": "05",
        "nombre": "SANTA LUCIA"
      },
      {
        "codigo": "07",
        "nombre": "PUENTE SALAS"
      },
      {
        "codigo": "06",
        "nombre": "SAN JOSE DE LA MONTAÑA"
      },
      {
        "codigo": "03",
        "nombre": "SAN PABLO"
      },
      {
        "codigo": "02",
        "nombre": "SAN PEDRO"
      },
      {
        "codigo": "01",
        "nombre": "BARVA"
      }
    ],
    "4-03": [
      {
        "codigo": "07",
        "nombre": "TURES"
      },
      {
        "codigo": "03",
        "nombre": "SAN MIGUEL"
      },
      {
        "codigo": "01",
        "nombre": "SANTO DOMINGO"
      },
      {
        "codigo": "08",
        "nombre": "PARA"
      },
      {
        "codigo": "04",
        "nombre": "PARACITO"
      },
      {
        "codigo": "05",
        "nombre": "SANTO TOMAS"
      },
      {
        "codigo": "06",
        "nombre": "SANTA ROSA"
      },
      {
        "codigo": "02",
        "nombre": "SAN VICENTE"
      }
    ],
    "4-04": [
      {
        "codigo": "03",
        "nombre": "SAN JUAN"
      },
      {
        "codigo": "01",
        "nombre": "SANTA BARBARA"
      },
      {
        "codigo": "04",
        "nombre": "JESUS"
      },
      {
        "codigo": "06",
        "nombre": "PURABA"
      },
      {
        "codigo": "02",
        "nombre": "SAN PEDRO"
      },
      {
        "codigo": "05",
        "nombre": "SANTO DOMINGO"
      }
    ],
    "4-05": [
      {
        "codigo": "04",
        "nombre": "ANGELES"
      },
      {
        "codigo": "02",
        "nombre": "SAN JOSECITO"
      },
      {
        "codigo": "01",
        "nombre": "SAN RAFAEL"
      },
      {
        "codigo": "05",
        "nombre": "CONCEPCION"
      },
      {
        "codigo": "03",
        "nombre": "SANTIAGO"
      }
    ],
    "4-06": [
      {
        "codigo": "03",
        "nombre": "CONCEPCION"
      },
      {
        "codigo": "01",
        "nombre": "SAN ISIDRO"
      },
      {
        "codigo": "02",
        "nombre": "SAN JOSE"
      },
      {
        "codigo": "04",
        "nombre": "SAN FRANCISCO"
      }
    ],
    "4-07": [
      {
        "codigo": "01",
        "nombre": "SAN ANTONIO"
      },
      {
        "codigo": "02",
        "nombre": "RIBERA"
      },
      {
        "codigo": "03",
        "nombre": "ASUNCION"
      }
    ],
    "4-08": [
      {
        "codigo": "02",
        "nombre": "BARRANTES"
      },
      {
        "codigo": "03",
        "nombre": "LLORENTE"
      },
      {
        "codigo": "01",
        "nombre": "SAN JOAQUIN DE FLORES"
      }
    ],
    "4-09": [
      {
        "codigo": "02",
        "nombre": "RINCON DE SABANILLA"
      },
      {
        "codigo": "01",
        "nombre": "SAN PABLO"
      }
    ],
    "4-10": [
      {
        "codigo": "02",
        "nombre": "LA VIRGEN"
      },
      {
        "codigo": "01",
        "nombre": "PUERTO VIEJO"
      },
      {
        "codigo": "03",
        "nombre": "HORQUETAS"
      },
      {
        "codigo": "05",
        "nombre": "CUREÑA"
      },
      {
        "codigo": "04",
        "nombre": "LLANURAS DEL GASPAR"
      }
    ],
    "5-01": [
      {
        "codigo": "04",
        "nombre": "NACASCOLO"
      },
      {
        "codigo": "01",
        "nombre": "LIBERIA"
      },
      {
        "codigo": "05",
        "nombre": "CURUBANDE"
      },
      {
        "codigo": "03",
        "nombre": "MAYORGA"
      },
      {
        "codigo": "02",
        "nombre": "CAÑAS DULCES"
      }
    ],
    "5-02": [
      {
        "codigo": "05",
        "nombre": "SAMARA"
      },
      {
        "codigo": "04",
        "nombre": "QUEBRADA HONDA"
      },
      {
        "codigo": "02",
        "nombre": "MANSION"
      },
      {
        "codigo": "03",
        "nombre": "SAN ANTONIO"
      },
      {
        "codigo": "06",
        "nombre": "NOSARA"
      },
      {
        "codigo": "01",
        "nombre": "NICOYA"
      },
      {
        "codigo": "07",
        "nombre": "BELEN DE NOSARITA"
      }
    ],
    "5-03": [
      {
        "codigo": "01",
        "nombre": "SANTA CRUZ"
      },
      {
        "codigo": "07",
        "nombre": "DIRIA"
      },
      {
        "codigo": "05",
        "nombre": "CARTAGENA"
      },
      {
        "codigo": "09",
        "nombre": "TAMARINDO"
      },
      {
        "codigo": "02",
        "nombre": "BOLSON"
      },
      {
        "codigo": "03",
        "nombre": "VEINTISIETE DE ABRIL"
      },
      {
        "codigo": "04",
        "nombre": "TEMPATE"
      },
      {
        "codigo": "08",
        "nombre": "CABO VELAS"
      },
      {
        "codigo": "06",
        "nombre": "CUAJINIQUIL"
      }
    ],
    "5-04": [
      {
        "codigo": "04",
        "nombre": "RIO NARANJO"
      },
      {
        "codigo": "02",
        "nombre": "FORTUNA"
      },
      {
        "codigo": "03",
        "nombre": "MOGOTE"
      },
      {
        "codigo": "01",
        "nombre": "BAGACES"
      }
    ],
    "5-05": [
      {
        "codigo": "02",
        "nombre": "PALMIRA"
      },
      {
        "codigo": "03",
        "nombre": "SARDINAL"
      },
      {
        "codigo": "01",
        "nombre": "FILADELFIA"
      },
      {
        "codigo": "04",
        "nombre": "BELEN"
      }
    ],
    "5-06": [
      {
        "codigo": "04",
        "nombre": "BEBEDERO"
      },
      {
        "codigo": "03",
        "nombre": "SAN MIGUEL"
      },
      {
        "codigo": "02",
        "nombre": "PALMIRA"
      },
      {
        "codigo": "05",
        "nombre": "POROZAL"
      },
      {
        "codigo": "01",
        "nombre": "CAÑAS"
      }
    ],
    "5-07": [
      {
        "codigo": "03",
        "nombre": "SAN JUAN"
      },
      {
        "codigo": "04",
        "nombre": "COLORADO"
      },
      {
        "codigo": "02",
        "nombre": "SIERRA"
      },
      {
        "codigo": "01",
        "nombre": "JUNTAS"
      }
    ],
    "5-08": [
      {
        "codigo": "01",
        "nombre": "TILARAN"
      },
      {
        "codigo": "05",
        "nombre": "LIBANO"
      },
      {
        "codigo": "02",
        "nombre": "QUEBRADA GRANDE"
      },
      {
        "codigo": "07",
        "nombre": "ARENAL"
      },
      {
        "codigo": "03",
        "nombre": "TRONADORA"
      },
      {
        "codigo": "08",
        "nombre": "CABECERAS"
      },
      {
        "codigo": "06",
        "nombre": "TIERRAS MORENAS"
      },
      {
        "codigo": "04",
        "nombre": "SANTA ROSA"
      }
    ],
    "5-09": [
      {
        "codigo": "02",
        "nombre": "SANTA RITA"
      },
      {
        "codigo": "05",
        "nombre": "PORVENIR"
      },
      {
        "codigo": "06",
        "nombre": "BEJUCO"
      },
      {
        "codigo": "01",
        "nombre": "CARMONA"
      },
      {
        "codigo": "03",
        "nombre": "ZAPOTAL"
      },
      {
        "codigo": "04",
        "nombre": "SAN PABLO"
      }
    ],
    "5-10": [
      {
        "codigo": "03",
        "nombre": "GARITA"
      },
      {
        "codigo": "04",
        "nombre": "SANTA ELENA"
      },
      {
        "codigo": "01",
        "nombre": "LA CRUZ"
      },
      {
        "codigo": "02",
        "nombre": "SANTA CECILIA"
      }
    ],
    "5-11": [
      {
        "codigo": "02",
        "nombre": "MONTE ROMO"
      },
      {
        "codigo": "01",
        "nombre": "HOJANCHA"
      },
      {
        "codigo": "04",
        "nombre": "HUACAS"
      },
      {
        "codigo": "03",
        "nombre": "PUERTO CARRILLO"
      },
      {
        "codigo": "05",
        "nombre": "MATAMBU"
      }
    ],
    "6-01": [
      {
        "codigo": "01",
        "nombre": "PUNTARENAS"
      },
      {
        "codigo": "09",
        "nombre": "ANTIGUO MONTE VERDE"
      },
      {
        "codigo": "14",
        "nombre": "ACAPULCO"
      },
      {
        "codigo": "10",
        "nombre": "ISLA DEL COCO"
      },
      {
        "codigo": "16",
        "nombre": "ARANCIBIA"
      },
      {
        "codigo": "12",
        "nombre": "CHACARITA"
      },
      {
        "codigo": "07",
        "nombre": "GUACIMAL"
      },
      {
        "codigo": "13",
        "nombre": "CHIRA"
      },
      {
        "codigo": "02",
        "nombre": "PITAHAYA"
      },
      {
        "codigo": "05",
        "nombre": "PAQUERA"
      },
      {
        "codigo": "08",
        "nombre": "BARRANCA"
      },
      {
        "codigo": "06",
        "nombre": "MANZANILLO"
      },
      {
        "codigo": "04",
        "nombre": "LEPANTO"
      },
      {
        "codigo": "03",
        "nombre": "CHOMES"
      },
      {
        "codigo": "15",
        "nombre": "EL ROBLE"
      },
      {
        "codigo": "11",
        "nombre": "COBANO"
      }
    ],
    "6-02": [
      {
        "codigo": "02",
        "nombre": "SAN JUAN GRANDE"
      },
      {
        "codigo": "05",
        "nombre": "SAN JERONIMO"
      },
      {
        "codigo": "06",
        "nombre": "CALDERA"
      },
      {
        "codigo": "03",
        "nombre": "MACACONA"
      },
      {
        "codigo": "04",
        "nombre": "SAN RAFAEL"
      },
      {
        "codigo": "01",
        "nombre": "ESPIRITU SANTO"
      }
    ],
    "6-03": [
      {
        "codigo": "04",
        "nombre": "BORUCA"
      },
      {
        "codigo": "07",
        "nombre": "CHANGENA"
      },
      {
        "codigo": "01",
        "nombre": "BUENOS AIRES"
      },
      {
        "codigo": "02",
        "nombre": "VOLCAN"
      },
      {
        "codigo": "06",
        "nombre": "COLINAS"
      },
      {
        "codigo": "08",
        "nombre": "BRIOLLEY"
      },
      {
        "codigo": "03",
        "nombre": "POTRERO GRANDE"
      },
      {
        "codigo": "09",
        "nombre": "BRUNKA"
      },
      {
        "codigo": "05",
        "nombre": "PILAS"
      }
    ],
    "6-04": [
      {
        "codigo": "01",
        "nombre": "MIRAMAR"
      },
      {
        "codigo": "02",
        "nombre": "UNION"
      },
      {
        "codigo": "03",
        "nombre": "SAN ISIDRO"
      }
    ],
    "6-05": [
      {
        "codigo": "02",
        "nombre": "PALMAR"
      },
      {
        "codigo": "06",
        "nombre": "BAHIA DRAKE"
      },
      {
        "codigo": "03",
        "nombre": "SIERPE"
      },
      {
        "codigo": "01",
        "nombre": "PUERTO CORTES"
      },
      {
        "codigo": "04",
        "nombre": "BAHIA BALLENA"
      },
      {
        "codigo": "05",
        "nombre": "PIEDRAS BLANCAS"
      }
    ],
    "6-06": [
      {
        "codigo": "03",
        "nombre": "NARANJITO"
      },
      {
        "codigo": "01",
        "nombre": "QUEPOS"
      },
      {
        "codigo": "02",
        "nombre": "SAVEGRE"
      }
    ],
    "6-07": [
      {
        "codigo": "04",
        "nombre": "PAVON"
      },
      {
        "codigo": "03",
        "nombre": "GUAYCARA"
      },
      {
        "codigo": "02",
        "nombre": "ANTIGUO PUERTO JIMENEZ"
      },
      {
        "codigo": "01",
        "nombre": "GOLFITO"
      }
    ],
    "6-08": [
      {
        "codigo": "03",
        "nombre": "AGUABUENA"
      },
      {
        "codigo": "04",
        "nombre": "LIMONCITO"
      },
      {
        "codigo": "01",
        "nombre": "SAN VITO"
      },
      {
        "codigo": "05",
        "nombre": "PITTIER"
      },
      {
        "codigo": "06",
        "nombre": "GUTIERREZ BROWN"
      },
      {
        "codigo": "02",
        "nombre": "SABALITO"
      }
    ],
    "6-09": [
      {
        "codigo": "01",
        "nombre": "PARRITA"
      }
    ],
    "6-10": [
      {
        "codigo": "03",
        "nombre": "CANOAS"
      },
      {
        "codigo": "02",
        "nombre": "LA CUESTA"
      },
      {
        "codigo": "01",
        "nombre": "CORREDOR"
      },
      {
        "codigo": "04",
        "nombre": "LAUREL"
      }
    ],
    "6-11": [
      {
        "codigo": "03",
        "nombre": "LAGUNILLAS"
      },
      {
        "codigo": "02",
        "nombre": "TARCOLES"
      },
      {
        "codigo": "01",
        "nombre": "JACO"
      }
    ],
    "6-12": [
      {
        "codigo": "01",
        "nombre": "MONTEVERDE"
      }
    ],
    "6-13": [
      {
        "codigo": "01",
        "nombre": "PUERTO JIMENEZ"
      }
    ],
    "7-01": [
      {
        "codigo": "02",
        "nombre": "VALLE LA ESTRELLA"
      },
      {
        "codigo": "03",
        "nombre": "RIO BLANCO"
      },
      {
        "codigo": "04",
        "nombre": "MATAMA"
      },
      {
        "codigo": "01",
        "nombre": "LIMON"
      }
    ],
    "7-02": [
      {
        "codigo": "02",
        "nombre": "JIMENEZ"
      },
      {
        "codigo": "04",
        "nombre": "ROXANA"
      },
      {
        "codigo": "06",
        "nombre": "COLORADO"
      },
      {
        "codigo": "05",
        "nombre": "CARIARI"
      },
      {
        "codigo": "01",
        "nombre": "GUAPILES"
      },
      {
        "codigo": "03",
        "nombre": "RITA"
      },
      {
        "codigo": "07",
        "nombre": "LA COLONIA"
      }
    ],
    "7-03": [
      {
        "codigo": "02",
        "nombre": "PACUARITO"
      },
      {
        "codigo": "07",
        "nombre": "REVENTAZON"
      },
      {
        "codigo": "01",
        "nombre": "SIQUIRRES"
      },
      {
        "codigo": "04",
        "nombre": "GERMANIA"
      },
      {
        "codigo": "06",
        "nombre": "ALEGRIA"
      },
      {
        "codigo": "03",
        "nombre": "FLORIDA"
      },
      {
        "codigo": "05",
        "nombre": "CAIRO"
      }
    ],
    "7-04": [
      {
        "codigo": "04",
        "nombre": "TELIRE"
      },
      {
        "codigo": "01",
        "nombre": "BRATSI"
      },
      {
        "codigo": "03",
        "nombre": "CAHUITA"
      },
      {
        "codigo": "02",
        "nombre": "SIXAOLA"
      }
    ],
    "7-05": [
      {
        "codigo": "03",
        "nombre": "CARRANDI"
      },
      {
        "codigo": "02",
        "nombre": "BATTAN"
      },
      {
        "codigo": "01",
        "nombre": "MATINA"
      }
    ],
    "7-06": [
      {
        "codigo": "01",
        "nombre": "GUACIMO"
      },
      {
        "codigo": "03",
        "nombre": "POCORA"
      },
      {
        "codigo": "04",
        "nombre": "RIO JIMENEZ"
      },
      {
        "codigo": "02",
        "nombre": "MERCEDES"
      },
      {
        "codigo": "05",
        "nombre": "DUACARI"
      }
    ]
  }
}